link,id_user,date_upload
img/gallery/panda-1.jpg,2,11-11-2018
img/gallery/panda-2.jpg,2,11-11-2018
img/gallery/panda-3.jpg,2,11-11-2018
img/gallery/panda-4.jpg,2,11-11-2018
img/gallery/world-1.jpg,3,11-11-2018
img/gallery/Scene-1.jpg,4,11-11-2018
img/gallery/Scene-2.jpg,4,11-11-2018
img/gallery/Scene-3.jpg,4,11-11-2018
img/gallery/Scene-4.jpg,4,11-11-2018
img/gallery/Scene-5.jpg,4,11-11-2018
img/gallery/Scene-6.jpg,4,11-11-2018
img/gallery/Scene-7.jpg,4,11-11-2018
img/gallery/gravity-1.jpg,5,11-11-2018
img/gallery/gravity-2.jpg,5,11-11-2018
img/gallery/anime-1.jpg,6,11-11-2018
